id,name,elem0,elem1
1058418,白石かんな,30.027323,3.1138124
1053422,飯山香織,-5.679534,-31.884918
15570,KAORI,-5.4183464,32.95912
1038172,さくらい麻乃,-25.613785,11.644664
1048872,赤渕蓮,17.320528,-25.375906
1014279,新山かえで,-19.166658,-29.579794
1064050,星優香,-43.141567,8.836266
1018026,古川いおり,-31.70664,7.40344
1055895,吉岡ひより,12.160365,-4.9185205
1042035,北川礼子,-17.467539,-15.716668
1035596,黒木いくみ,-9.1960745,-11.775754
1046112,星あめり,1.6551774,10.838949
1044814,相沢夏帆,22.279541,4.276474
1065651,逢坂りの,19.502941,9.675899
1065526,初愛ねんね,21.045057,-29.568394
1060916,田原凛花,9.770698,-20.668482
1020504,白石茉莉奈,8.953987,-28.413773
1060592,希代あみ,-4.5182805,-29.676254
1034081,さくらみゆき,13.698723,31.84904
1049172,若宮穂乃,35.1314,14.460685
1055231,有栖いおり,48.37242,-2.1753016
1048559,森下美怜,23.418524,5.1048326
1046172,はるかみらい,22.309837,25.44561
1030985,鮎原いつき,-37.819622,-10.148233
1053420,竹内有紀,45.74951,16.143427
1027757,久我かのん,47.874004,5.063277
1051349,福山いろは,-54.186523,-0.5238876
1042119,桜もこ,11.752565,-18.07247
1046149,七海ティナ,14.226872,1.288491
1029696,三喜本のぞみ,-37.394436,-15.654031
1053041,早美れむ,1.5684469,-20.79515
1057837,七瀬いおり,46.037556,-12.001087
1063276,天使ゆら,9.836711,27.84027
1023710,土屋あさみ,-22.806492,-12.267601
1030527,水谷あおい,-32.708702,18.294708
1013376,橘芹那,-15.68064,-4.4791875
1047077,茉莉ひな,6.893555,25.005117
1062521,福富りょう,-43.342304,-6.6025853
1042129,七沢みあ,47.64417,-3.380883
1064000,高梨有紗,26.257559,5.636466
1062309,西田那津,-9.609265,25.55505
1034298,神坂ひなの,20.040318,25.73881
1051751,森本つぐみ,11.302522,12.9506855
1041963,桐谷なお,26.324463,-2.2434266
1034927,佐倉ねね,51.257927,-1.5105661
1019300,水野朝陽,7.2885246,7.732203
26820,桜井千春,20.545847,0.23378693
1053517,知花凛,8.088086,-32.53775
1059492,竹内夏希,-5.340911,-6.6040654
1051794,根尾あかり,12.546239,33.06442
1058572,清音咲良,16.608688,-17.615986
1057914,花宮あむ,-43.58245,10.375018
1030118,折原ほのか,-18.809734,-6.7321386
1033119,今井真由美,-2.4430788,33.089073
1041897,神宮寺ナオ,41.839275,4.7476993
1028545,佐藤ゆか,24.601505,14.100954
1044547,逢沢りいな,-22.656683,20.051577
1047250,米倉穂香,-44.02478,6.8352942
1042465,川田みはる（三田杏）,27.176163,-13.05039
1041522,海空花,-5.76932,-0.9515715
1038345,すみれ美香,-8.775932,28.61321
1060530,美倉あやみ,32.813747,0.26256025
1063722,凪沙ゆきの,35.665085,-12.805699
1068671,北野未奈,25.6512,-26.168276
1058839,中山琴葉,10.007864,-31.196491
1060673,心実るな,-20.995708,19.977133
1064214,平井栞奈,42.931362,-11.420422
1061586,森日向子,-3.0413043,-29.167091
1066113,篠原りこ,-1.784808,-25.45762
1047378,夏原唯,-5.814576,16.02102
1063726,葉月シュリ,-46.810368,12.573836
1059553,来まえび,-27.53122,8.733534
1006606,蘭々,-2.4954937,-9.390831
1050139,篠崎かんな,-35.950726,-7.548916
1053256,奏音かのん,-6.2595477,-27.525494
1029367,天音りん,-24.005785,-8.335062
1048878,優月心菜,-15.68961,12.46073
1042293,長谷川まや,-36.56374,12.615587
1036062,雛菊つばさ,35.22203,8.239359
1028704,三原ほのか,17.620398,12.195668
1036690,水嶋アリス,27.537401,24.48824
1042053,望月あられ,19.263302,3.286286
1008965,奥田咲,-37.070095,9.467318
1062260,ももたらら,22.25244,27.54449
28011,里美ゆりあ,-23.602333,-5.4703884
1042462,豊中アリス,-9.610501,-9.141262
1035377,川崎亜里沙,20.089546,13.377847
1063660,弘崎ゆみな,-42.94145,-15.013323
1037789,君色花音,-7.163608,3.4513774
1026979,星空もあ,8.146255,29.074625
1015794,三浦恵理子,-49.297985,2.1713042
1041833,岬ななみ,0.51512855,-27.9923
1013400,川上奈々美,-1.5129302,33.68335
1065642,花丸くるみ,7.7598157,-15.034269
1063060,乙葉カレン,12.73659,10.699427
1052753,桃井杏南,8.746826,10.533785
21269,浅井舞香,-51.417725,-5.7566323
1041835,真白ここ,6.748371,-24.572214
1058178,詩月まどか,22.685831,11.591923
1060910,夏目響,1.5444822,6.5254517
1053029,永野いち夏,50.996967,2.0664175
1066535,百田くるみ,-0.52401775,5.3312993
25223,中森玲子,-25.354612,-8.267505
1068132,美波こづえ,19.488853,16.510319
1034310,神楽アイネ,-8.397193,25.95634
1047612,羽田つばさ,-46.820465,10.710567
1020973,推川ゆうり,-47.49201,9.34428
1045338,望月りさ,-16.781178,-19.874838
1023821,華原美奈子,-31.15798,16.220104
1058932,大川月乃,21.67245,-27.829758
1061330,有坂真宵,29.923532,-0.76753473
1044640,阿由葉あみ,40.723083,12.159947
29949,北条麻妃,-46.7425,2.8994436
26774,希崎ジェシカ,1.6266385,-28.430939
1031434,若槻みづな,43.894157,7.9768004
1047127,咲々原リン,45.615047,11.659086
1066367,花井しずく,1.70492,-10.549352
1068879,一ノ瀬のえる,-26.204872,24.544924
1006364,朝倉ことみ,24.29435,23.421124
1037509,月野ゆりあ,11.517713,5.7909846
1066646,ののか,-3.0756917,-18.247047
1057014,水森翠,28.789293,-5.9718857
1032821,平岡里枝子,-20.347652,-21.670168
1058710,藤森里穂,-15.339426,20.0584
1048704,大森しずか,-41.363686,-0.43675202
1054159,高坂あいり,-28.345934,4.388114
1054208,石原める,-14.476366,-6.710254
1060676,涼花くるみ,-11.42548,26.461369
1037291,一色桃子,-39.341595,-9.766637
1065525,高瀬りな,20.79799,-12.657478
1036103,深田ナナ,-7.2452188,-8.468667
1052249,七瀬もな,-14.116333,-4.4039183
1056060,姫野ことめ,22.640543,-11.287274
1042022,七瀬るい,-19.818485,19.348654
1058926,皆川ゆうな,8.432698,8.527403
15687,青木りん,-36.687572,-17.344816
1048395,あいだ飛鳥,-12.35184,20.739471
1019256,吉永あかね,23.520048,-25.776234
1042929,小倉由菜,-3.2418516,-30.63936
1039921,山岸逢花,47.213383,-11.680805
1064659,夏希ゆめ,24.53284,12.425093
1026237,橋本麻耶,-7.1875243,0.055810057
1051800,赤瀬尚子,-31.17661,-4.5084343
1032097,椎名そら,13.335439,-34.834534
1067029,希望光,18.662964,25.130281
1038230,河南実里,12.55303,-20.656431
1041625,宇野栞菜（阿部栞菜）,-35.099926,-4.4428067
1048873,泡沫ゆうき,18.0459,3.5920749
1057000,佐倉由美子,-43.559635,-13.321211
1053617,高畑ゆい,28.123222,31.086117
1041646,黒木あおい,-19.69037,10.8817005
1062727,藍川みれい,16.662895,-27.87098
1016525,浜崎真緒,-17.15307,12.436946
1034138,あず希,49.2462,1.606346
1026969,葉月美音,-12.208454,-16.184452
1063821,高杉美穂,-42.10432,-5.322376
1059308,浅見レナ,19.259344,-20.84538
1046350,松沢ゆかり,-36.98963,-9.508851
1033869,紗々原ゆり,-21.869259,22.550169
1036506,白石りん,-0.22817789,-30.918253
1036879,高城彩,-0.16029802,24.73238
1039204,葉月もえ,29.94359,-8.754939
14602,葉月奈穂（葉月菜穂）,-39.132404,2.635471
1063720,衣吹かのん,24.20355,-27.997847
1000103,ましろ杏,1.5479544,21.876179
1059345,うららか麗,24.547556,-29.051182
1066855,小宮浩信,27.203625,-29.608974
1020424,横山夏希,-39.9475,-16.586636
1012844,紗倉まな,-24.287632,16.266558
1063906,有栖花あか,-20.16996,18.138723
1037619,瀬戸すみれ,27.393553,-22.43773
23558,紺野ひかる,-9.903386,-23.189417
1059504,槙いずな,9.744975,-12.453519
1062909,三宮つばき,-9.737882,-15.243922
1052350,春風ひかる,27.285872,-5.279009
1013455,朝桐光,-44.28161,16.53571
1021359,夏目彩春,-33.3508,-24.330084
1067946,はやのうた,35.193752,2.9340303
1060671,宮崎リン,-18.812338,20.335096
1008154,宇佐美なな,24.280111,20.616472
1010339,初芽里奈,17.021257,-16.35916
1046310,御坂りあ,-4.384362,-12.943792
1069533,広瀬みつき,22.885735,-12.63357
1020522,愛須心亜,26.91445,22.177814
1054763,涼美ほのか,-10.892827,-2.9383984
1038229,新垣智江,4.739187,1.051391
1008691,矢部寿恵,-18.86668,-22.830723
27730,吉岡奈々子,-50.99706,-2.569667
1033871,宮沢ゆかり,20.061468,-1.10443
1021316,川菜美鈴,3.035464,-32.53843
17802,つぼみ,29.680145,29.106768
1057907,堀沢ゆい,4.8168044,25.600815
1036009,小谷みのり,8.187568,4.907324
1056988,心乃秋奈,43.67242,0.79439086
1061657,仲沢ももか,19.309355,-9.562727
1064337,東希美,-19.795647,22.509619
1050307,北村敏世,-54.823166,0.58795977
16322,翔田千里,-46.564945,-1.344383
1043944,沖田里緒,25.890024,31.008778
1017139,蓮実クレア,1.8781879,8.991844
1025419,天使もえ,-14.381634,-7.864376
1034538,三島奈津子,-10.541704,28.369287
1032668,橋本ありな,-2.682274,-8.020907
1060480,田中ねね,48.432323,14.482075
1042058,有坂深雪,-0.59170425,-26.160759
1045817,八尋麻衣,16.64747,-19.02743
1001148,秋山祥子,-13.198457,17.134665
30130,大槻ひびき,-3.4005098,25.1672
1010958,小島みなみ,29.467833,23.46083
1047860,椎菜アリス,-0.03872265,-20.947788
1027944,若月まりあ,2.8904119,14.346963
1062056,香椎花乃,-1.6968191,9.112738
1041375,春咲りょう,10.222486,-25.325918
1017666,篠宮ゆり,37.219448,18.058872
1069005,朝倉ここな,26.95336,-26.754248
1056586,美乃すずめ,-4.3541613,-35.35995
1029919,小川桃果,1.6590517,-34.71
1047823,高梨りの,-14.330149,-32.03025
1058115,花音うらら,26.929579,-11.239651
1037511,前田可奈子,-41.299965,10.851606
1007076,今井まい,-20.193848,-31.620869
1058834,亜矢みつき,45.836643,-10.130076
1034659,並木塔子,-34.99442,-8.745026
1049692,小日向まい,40.428055,-10.456944
1046882,大浦真奈美,40.444717,7.5039067
1037431,美里亜希,46.227257,8.500297
1066536,碓氷れん,43.2058,-14.637001
1037791,ひなみれん,18.232265,-24.810125
1037981,柳みゆう,-25.886103,20.734941
1059341,美波沙耶,-43.14671,13.514087
30315,響りん,-26.82146,17.728827
1039405,北川りこ,3.3631015,19.239199
1015711,麻生希,-14.208269,-12.158157
1049908,渚みつき,15.36708,33.615658
1022214,八木あずさ,-52.392147,-0.28507054
1054820,栗栖みなみ,2.860308,-22.130175
1035623,白咲ゆず,-22.531847,-3.2161536
1021941,白城リサ,37.025665,8.010271
1065059,南みずき,-10.65237,-1.1712631
1054165,夏希まろん,-11.514657,7.444087
1051543,夢見照うた,27.968967,0.07353283
1050637,雪乃凛央,-7.0407186,29.368063
1002043,友田彩也香,9.187013,3.6342359
1058930,堀北つむぎ,2.8041668,22.003431
1034918,栄川乃亜,37.674656,-3.663108
1064662,乃木はるか,-36.040466,-19.95905
1060068,影山さくら,42.27966,-7.0631447
1058927,志木あかね,48.273407,11.96667
1039044,香苗レノン,-31.11493,-18.289448
23130,川上ゆう（森野雫）,-31.703962,12.487927
1055007,黒咲しずく,-12.52163,-1.6857983
1026925,彩乃なな,12.102777,31.820255
1057690,馬場のん,12.017387,8.730573
1066778,本田瞳,13.868629,13.274
2855,牧原れい子,-48.63272,-3.1981506
1055707,平川琴菜,-17.940668,-2.0404947
1138,山口珠理,-23.870522,7.0777535
1021903,阿部乃みく,-1.609416,3.0425107
1040772,初美りん,43.17535,-3.3107204
1032628,相澤ゆりな,-36.988777,-21.636326
1060527,香坂のあ,52.22083,-4.2966084
1058646,穂高ひな,22.539228,-24.55929
1039027,五十嵐星蘭,-4.062217,-17.01927
1048400,一ノ瀬あやめ,-2.3818364,27.452482
1001722,碧しの（篠めぐみ）,-0.48543105,-12.611004
1060959,豊崎みさと,-16.185081,-35.36879
1043729,武田真,-11.864982,-9.118923
1058575,月乃しずく,20.957811,32.808426
1053417,真白真緒,3.6017754,-11.729036
14495,晶エリー（新井エリー、大沢佑香）,-19.485788,-24.72787
26225,波多野結衣,6.185673,-6.7304826
1058248,水沢つぐみ,4.3411026,23.325066
1003300,小向美奈子,-34.579594,11.67576
1048128,水卜麻衣奈,49.169144,6.847017
1003758,北川エリカ,-38.14592,3.4719634
1039982,美谷朱里,-10.381944,24.204285
1059557,久保みなぎ,51.18322,-2.9411607
1061760,葵いぶき,-1.7798978,-28.985312
1065376,市来まひろ,-11.650856,25.190353
1026661,舞園かりん,15.440528,-22.419405
1018185,桜井彩,-17.307106,-12.603007
1026635,逢沢はるか（黒木琴音）,19.491505,-29.796705
1042431,ななせ麻衣,9.098865,-31.764917
1032774,あおいれな,-13.634976,-31.16018
1063057,飛鳥りいな,18.417505,7.9900928
1060141,木下ひまり（花沢ひまり）,31.583633,-4.160241
1051357,伊賀まこ,38.397694,17.515434
1052676,七海ひな（七瀬ひな）,-28.385578,5.659437
1023748,宮島優,49.220123,-5.758467
1068701,伊佐木リアン,-2.9014533,19.660315
1036096,笹宮えれな,-47.96996,12.682189
1060349,東條有希,-3.1605525,7.0429916
1039994,桐山結羽,12.91064,-13.272698
1052096,生野ひかる,0.72742075,-6.066719
1041962,高杉麻里,18.039736,-19.738594
1052361,加賀美まり,18.206955,10.433345
1065150,天沢ゆきね,3.965195,-22.104593
1055085,中山穂香,-53.52663,0.61938405
1054998,松本いちか,39.63113,16.71003
1040946,君島みお,-18.938354,-20.299717
1034376,島津かおる,-50.557194,0.559392
1051970,篠原ちとせ,-33.893154,-4.543316
1064154,月野かすみ,17.058289,-11.624432
1057330,安齋らら,-14.516817,-34.929977
1065886,七宮ゆりあ,-7.663183,2.203665
1065649,北川真由香,-32.907463,-16.26102
1042432,一ノ瀬恋,35.155994,-0.86407536
1046013,結城のの,34.028004,-5.738082
1047549,黒宮えいみ,-22.532936,-25.421934
1023684,原美織,-4.582188,31.361395
1039158,あまね弥生,28.222813,-1.2005255
1008887,AIKA,-29.752052,9.97631
1063408,南乃そら,15.699966,-27.12334
1062990,夕季ちとせ,14.846209,-2.5902483
1063724,七瀬アリス,-9.473691,17.796011
1034872,月乃さくら,-11.429857,-7.9165382
1027747,香山美桜,19.412992,-22.036875
1045373,若月みいな,-6.736983,19.658068
1063727,永澤ゆきの,22.52326,17.032278
1034956,彩奈リナ（七原あかり）,-4.44401,6.889175
1068672,芹奈りく,6.3365226,-20.512026
1003282,管野しずか,-37.765106,12.5461855
1056300,矢田紀子,-3.8299222,33.667236
1059800,星仲ここみ,-12.1418705,-14.6590185
1016353,星野ナミ,-31.94659,15.039728
1067506,朝日奈かれん,27.503077,9.695964
1014664,春日野結衣,34.59886,18.359472
1058577,桜井ゆみ,-14.095496,-21.790428
1055590,青空ひかり,-1.0635391,-5.287608
1023703,百合川さら,-15.146819,-30.926449
1050439,月乃ルナ,-6.1689973,-29.183434
1034392,二階堂ゆり,1.3809507,14.426016
1030589,華月さくら,-31.250618,-16.497784
1024433,涼川絢音,-9.993304,16.421362
1059342,梓ヒカリ,5.3028803,-24.081644
17145,江波りゅう（RYU),-30.6097,-20.167551
1065956,三浦るい,-2.492576,17.042126
1030550,松下紗栄子,9.014208,-33.39052
1044531,持田栞里,44.416996,5.6492124
1054106,奈槻れいら,6.451746,-30.561754
1012522,白鳥寿美礼,-47.22028,-10.500579
1057670,永野つかさ,-45.37671,8.062446
1031841,花咲いあん,-20.039696,-11.445316
1059940,田所百合,-49.341908,3.5033894
1058113,ジューン・ラブジョイ,3.1952446,-17.420744
1005108,羽月希,-3.4422357,32.042576
1047683,佐久間恵美,-5.60978,26.119532
1066112,叶愛,-18.352812,-3.681561
1037564,桃菜あこ（明海こう、小泉まり）,42.341427,17.3314
1050377,菅野真穂,-32.08142,-6.352677
1032130,佐々木あき,-29.938381,14.109418
1044865,松永さな,-17.574442,17.646402
1054880,大原ゆりあ,-10.177528,-27.566248
1044468,汐河佳奈,-23.502523,5.4588127
1032833,吹石れな,-37.643578,14.078165
1022288,千乃あずみ,-26.753979,9.756042
1034491,姫川ゆうな,31.08685,-7.3166
1014011,木村つな,24.883636,26.094847
18878,織田真子,-46.040306,13.468422
1063407,緑川みやび,-19.492073,-3.5175247
1050830,高美はるか,28.805248,6.958332
1042596,八乃つばさ,19.894184,-27.05059
1051792,咲乃小春,40.655804,-6.3945737
1018606,大場ゆい,-5.0691214,24.873867
8333,青木玲,-43.92549,2.022364
1020173,川越ゆい,-39.029274,-18.520538
1054714,城山若菜,43.833263,-5.732231
1053035,中条カノン,9.685038,20.658297
1063729,羽咲美亜,-45.54357,11.262094
1059338,叶ユリア,-15.707657,-0.97559136
1050737,日泉舞香,31.355387,3.8931248
1064832,浅宮ちなつ,35.370186,16.629877
1059228,米津響,-44.571865,13.629382
1057139,富井美帆,46.49151,6.941112
1057949,真白わかな,-25.071404,24.145956
1012295,枢木みかん,-35.824615,3.2495022
1059813,舞咲璃,-34.839157,-5.972095
21549,佐山愛,12.788748,7.203878
1062413,大空七海,49.21193,-2.829281
1047128,坂道みる,46.139572,-0.3422975
1064393,塩見彩,-29.899187,-19.032976
1039679,森川アンナ,-30.202143,-17.452139
26278,長澤あずさ,46.86332,16.817045
1032767,竹内梨恵,-44.96577,-9.501927
1029718,なつめ愛莉,9.605294,-6.1781344
1021901,通野未帆,-17.87753,22.017033
1048339,時田こずえ,-33.39937,-8.03442
1054327,琴井しほり,12.606196,-9.500751
1052247,永井マリア,45.446957,-13.24549
24099,樹花凜（七咲楓花）,-7.4425025,-24.362455
1024786,西山あさひ,52.83493,-1.6666492
1031830,波木はるか,-9.540438,-6.1191883
1039192,音羽文子,-37.269463,-8.180378
1032236,西村ニーナ,-22.473598,-29.020504
1015262,松本メイ,46.468746,-14.147774
1066779,小林真梨香,2.5086591,4.756104
1053520,久留木玲,-8.142197,-14.093504
1050729,小川ひまり,34.488884,-13.308959
1038396,宮沢ちはる,15.732655,-5.750691
1043833,凛音とうか,-20.450516,-28.37886
17316,青井マリ,-45.011787,-12.126371
1058155,山本蓮加,-10.797674,12.240933
1049866,平花,33.086384,-2.346062
1050080,笠木いちか,44.854095,17.059952
1051235,伊東沙蘭,-34.649155,-18.319937
1007265,高畑ゆり,-47.397537,-9.380299
1041759,優梨まいな,-16.08732,-34.26702
1039995,みひな （あずみひな、永井みひな）,26.366707,24.363197
1053951,白葉りこ,-24.144165,-7.173548
1033766,河音くるみ,-8.030559,-1.1707703
1030262,三上悠亜,-12.582491,-12.0060835
1045495,志田雪奈,13.731723,-8.374493
1007565,霜月るな,-36.208035,5.294311
1030436,丸山れおな,-25.509434,25.350212
1062074,宮島めい,14.478791,-23.459297
1051454,高瀬智香,-42.03157,-15.903568
1033020,平清香,-34.86497,-11.902617
1029533,南まゆ,44.45083,-4.06664
30317,椎名ゆな,-37.560287,7.017346
1003808,結城みさ,-38.72917,5.1706634
1056458,小鳥遊ももえ,41.73006,7.569148
1019890,湊莉久,46.406796,12.863636
1052759,悠月リアナ,1.4781407,-32.670574
1060023,蒼井れいな,8.376346,-8.020469
22574,めぐり（藤浦めぐ）,9.415476,31.854622
1040791,橋本れいか,-41.711067,-11.0485115
1046569,美保結衣,28.643911,28.472347
1064730,須崎美羽,10.585559,8.50199
1065327,有岡みう,-19.08857,-9.439008
1050147,日向恵美,25.23114,8.241631
1036318,明里ともか,-6.6341186,10.523803
1035504,佐川はるみ,22.011242,-5.920807
1004672,JULIA,-28.23201,10.814863
1046108,唯井まひろ,26.8891,-6.7845697
1008785,篠田ゆう,-0.40596974,-35.00653
1032465,今藤霧子,-13.96124,-24.340311
1032428,浅田結梨,23.544563,26.9008
1051459,冬愛ことね,13.632049,-10.767705
1060961,清宮すず,15.612263,-11.268506
1054882,川原かなえ,7.4388547,-6.083446
1021930,内村りな,52.198315,-0.57598466
1021308,川村まや,6.045426,27.751719
1021060,二宮ひかり,8.483865,-27.337711
1040694,まなかかな,29.262741,-11.572925
1030017,桜ちなみ,-17.751495,14.020791
1047611,黒川すみれ,45.83486,-6.6667247
1058114,加美杏奈,19.426733,12.335648
1055595,吉良りん,9.283895,26.59435
1038707,優月まりな,2.50062,-9.636324
1049284,楓カレン,-11.227125,23.307547
1053857,小梅えな,36.039196,15.275183
1060394,はるか,10.49144,7.234316
1058220,朱莉きょうこ,-3.1378155,22.615685
1048277,星宮一花,-28.902283,7.5246406
20214,初音みのり,-35.99146,10.468683
1056062,新川愛七,4.31045,21.881819
1011763,山本美和子,-38.077618,-6.927413
1045642,音海里奈,10.180562,-35.56398
1042976,山井すず,0.3170089,4.500963
1058929,音羽ねいろ,2.4031987,-2.4877253
1017395,神波多一花,-34.42695,17.331015
1054198,四葉さな,-10.00253,-25.16329
1065814,八乙女なな,26.433353,14.116519
1050451,東条蒼,-6.8483005,26.242311
1017135,鈴木真夕,19.98754,10.908882
1059558,高梨ことり,44.218704,-13.126009
1027976,森はるら,14.243503,-32.65829
1022697,片瀬仁美,-51.094185,1.6519011
1068130,大原あむ,-3.3743122,-15.817054
1018507,葵こはる（えりか）,-26.198465,16.4798
1060657,七瀬かれん,40.24412,-9.034308
1058259,市川花音,37.384464,-12.555097
1035513,相沢みなみ,-15.020795,10.034768
1043329,浅倉真凛,48.746075,-4.664934
1065724,乙アリス,9.282398,21.845688
1063058,三岳ゆうな,20.807405,21.888529
1048278,EMILY（桜庭ひかり）,-11.440842,-34.29788
1063511,星なこ,21.87849,13.974793
1048135,夕美しおん,6.2107315,-0.080210045
1007792,希咲あや,-3.9257393,4.5272207
1044864,河北彩花,44.968838,-7.653579
1048033,茜はるか,36.523678,12.554299
1042123,桃尻かのん,13.859211,33.493294
1057634,白川ゆず,50.01208,8.878287
1048560,黒崎みか,14.493674,-5.5655594
1057488,乙咲あいみ,22.919472,-21.337292
1067710,九条みちる,46.857944,-13.111842
1010736,希咲エマ（HARUKI、加藤はる希）,-21.32739,-5.382882
1014936,佳苗るか,9.553064,-23.390896
1021895,美里有紗,-1.5308442,10.508002
1065005,斎藤まりな,33.68062,-4.2521534
1023317,さとう愛理,28.040018,29.660221
1061478,要ゆの,-10.907148,3.6488156
1042130,石川祐奈,-41.49426,14.877384
1032765,夏希のあ,44.314842,10.192394
1061822,武田エレナ,10.461442,11.257574
1063409,まみや羽花,15.368244,-33.89949
1064905,吉永このみ,10.924256,29.457556
1066532,田嶋まお,16.421131,-33.361824
1056227,広瀬結香,-17.63857,-22.395756
1030492,上島美都子,-50.290424,-8.381044
1041095,吉高寧々,-5.8465924,-30.551405
1064660,堀北わん,28.400524,-14.316807
1043075,美国沙耶,-15.909062,-21.548079
1060677,小野六花,12.177463,35.41787
1053258,柊るい,24.50287,-1.5187057
1043123,有村のぞみ,-4.76105,-18.676975
1051554,高梨ゆあ,44.310753,15.756045
1042314,泉りおん,31.384678,-2.916422
1044731,水野優香,-37.693306,-2.1278977
1064394,雨宮もな,2.2553911,-6.798651
1057832,深沢いのり,46.56502,-5.5868444
1065803,希のぞみ,48.684135,0.19940066
1063728,岬さくら,48.555984,15.548133
1053257,美甘りか,14.031612,19.38822
1040008,藤波さとり,19.632654,-28.502388
1045319,梨々花,12.288872,29.585161
1054680,流田みな実,16.75723,8.483224
1010133,さとう遥希,-13.794373,-29.721043
1032262,七菜原ココ,25.917524,26.792448
1064208,乙花イブ,23.612122,15.589815
1058129,真矢織江,-44.65836,-13.810664
1034388,藤咲エレン,52.35916,-2.8510628
1051008,稲場るか,31.146149,5.9394913
1066822,園川あいら,44.509335,12.889014
1056036,小坂芽衣,18.124943,17.76517
1033468,前園希美,-40.452938,16.67293
1033972,中尾芽衣子（NOA）,-19.378248,27.274113
1052756,石原理央,6.053622,-27.154903
1051793,三船かれん,1.9543885,-17.40076
1052391,新田みれい,8.308591,-30.621407
7849,紫彩乃,-46.70405,1.4032692
1059611,丘えりな,-34.267166,-21.405493
1030312,加藤あやの,-40.239723,-0.9731634
1028653,中里美穂,9.188688,-19.337091
1026090,井上綾子,-43.373844,15.888487
24651,瀬名あゆむ（広瀬藍子）,-16.787952,11.352848
1044473,益坂美亜,12.477515,-19.307255
1068755,高山すず,34.244473,-10.17742
1027409,澁谷果歩,18.514473,30.817215
1056987,彩音めぐみ,16.027681,13.118217
1038570,愛瀬美希,24.81337,5.654994
1032760,成宮はるあ,-26.583534,12.080017
1064278,水森めぐ,44.846085,2.7414641
1042423,美原すみれ,-46.913933,-12.83845
1048046,深田結梨,6.301433,19.327734
1045134,村上涼子,-38.679504,-16.77124
1042907,伊藤舞雪,-13.303256,-15.004699
1065404,蘭華,-3.0025043,-32.916073
1056466,山口葉瑠,-16.159706,4.671181
1067213,氷堂りりあ,-19.189295,-28.246437
1030491,甘良しずく,-0.5083443,13.18881
17860,水城奈緒,-13.49627,-34.153187
1037168,松本菜奈実,16.941454,6.9386044
1039157,桜空もも,-12.846137,18.835777
1012910,本真ゆり,-42.094173,-7.400539
1068760,壇凛沙,-53.621746,-4.582846
1032615,森苺莉,-20.83302,-30.648827
1038706,水卜さくら,45.650837,4.742669
1040691,嶋崎かすみ,-54.26935,1.6955674
1060596,桜井美羽,-3.1324756,18.155745
1035287,柏木舞子,-44.242405,-10.682182
1032266,向井藍,-34.874256,-20.0925
1005331,美咲結衣,-16.575565,16.932535
1068618,丹羽すみれ,6.046698,12.1403
26883,折原ゆかり,-53.037064,2.1469343
1045370,最上さゆき,-20.897951,6.026916
1061549,本田さとみ,29.64026,-13.45402
1048868,山岡りりな,-18.72815,23.037205
1037141,三苫うみ,-2.3911486,30.611189
1034540,飛鳥りん,25.227598,29.351946
1045262,雛鶴みお,6.0105214,23.514374
1043812,神谷充希,44.895473,-10.791056
1043325,森ほたる,13.016834,-26.399315
1004964,絵色千佳,-10.646169,13.523013
1044982,水川スミレ,-35.89387,-5.665826
1065692,最上ゆら,4.258353,4.57126
1054163,朝倉凪,-20.779888,24.378939
1052996,山崎水愛,28.100777,14.454844
1049029,牧村柚希,0.97529745,-30.638784
1059863,神野ひな,22.556055,24.183043
1036877,矢澤美々,-12.484943,-34.94914
1047095,彩葉みおり,25.80865,-12.125035
1011992,本庄瞳,-34.789734,15.753513
1049518,二葉エマ,33.969353,3.4272108
13645,沢田麗奈,-41.135124,4.2665243
1038521,あけみみう,4.807342,-5.560798
1058644,星乃マミ,20.610939,-17.242905
1035159,河北はるな,23.469193,2.6744497
1042993,喜多方涼,-30.39352,17.739124
1057013,中山ふみか,14.126074,-20.061457
1060145,水咲結乃,42.89768,-2.0294485
1066240,成海美雨,8.152441,14.63623
1035622,西宮ゆめ,29.050678,9.521955
1064171,朝陽えま,41.99223,-8.102947
1030054,葵千恵,-30.13719,12.232163
1051402,日下部加奈,-14.634318,19.116674
1036092,野々宮みさと,16.15431,10.669756
1055313,麻倉ゆあ,35.691994,10.256801
1064005,中条鈴華,-44.272064,8.754315
1048446,小泉ひなた,-40.296867,-15.155772
1048468,深田えいみ,9.858871,-0.6455745
1064559,潮美舞,3.4023373,3.3708599
1013253,芹沢つむぎ,3.6366832,-5.465462
17080,桐原あずさ（伊藤あずさ）,-6.051176,13.605951
1047230,有栖るる,34.113346,-1.4567007
1044811,上川星空,11.110812,-12.630902
1067267,楪カレン,7.1267447,13.835653
1042507,遥あやね,-18.661621,15.238969
1021402,星川麻紀,2.6023962,28.940037
1025913,橋野愛琉,-22.72958,-31.544779
1008769,真木今日子,-16.130877,-17.662655
1038466,後藤里香,0.97309434,12.557134
1057344,中城葵,11.14167,-30.68188
1028565,早川瑞希,-11.860548,18.332731
1056573,香坂みりな,5.462613,30.330732
1026093,並木杏梨,-9.319575,20.511803
1031805,桃乃木かな,-14.897901,-2.1629934
1039997,生田みく,50.41319,1.0453926
4294,友田真希,-39.442047,8.812963
1030623,江上しほ,35.436462,-10.139222
1040005,水原乃亜,-4.783642,-25.897272
1023222,宮崎あや,36.733166,-0.6854773
1025776,東凛,46.69844,15.400119
1050192,葉月桃,-18.610712,25.06353
1019323,夢乃あいか,2.7375302,-24.802282
12360,もちづきる美,-36.93274,-11.754124
1063362,池谷佳純,-23.638256,-26.919378
1059612,露梨あやせ,28.111162,-21.428036
1063275,天音ゆい,7.7249722,-16.246042
22474,鈴木さとみ,-33.841053,12.600898
1034137,今井ゆあ,-0.7057185,8.195194
1020726,小西まりえ,26.382229,28.423824
1043955,牧村彩香,-22.093342,-32.405956
1020685,森沢かな（飯岡かなこ）,28.656263,-25.53744
1026630,桜木優希音,19.37061,32.76106
1061212,杏羽かれん,7.9353976,32.903446
1001206,春菜はな,-12.509312,-31.883478
1060273,朝日しずく,39.795315,-12.75084
1016186,白木優子,-37.04078,-4.337754
1066538,堀内未果子,-0.9903219,-32.628277
1034073,月本愛,26.7727,8.098224
1052706,愛沢さら,3.4355426,-13.090164
1061062,柏木あみ,-31.400507,19.120663
1063643,鈴乃広香,-40.966602,8.223764
1060960,純真かれん,10.206181,30.272877
1005334,神ユキ,-12.046982,9.852694
1057333,若槻さくら,31.864159,11.056334
1065375,琴石ゆめる,43.544617,13.72866
1066856,森田哲矢,-44.88339,0.84477365
1028857,大島優香,-30.354004,-15.498425
1064655,木村穂乃香,-26.298264,6.5983496
1059559,新田みずほ,41.122585,10.791803
1059537,真宮あや,26.74951,29.595047
1061659,姫咲はな,25.847078,12.423095
1063360,斎藤みなみ,-10.926867,-16.980234
1065931,ちゃんよた,-10.514965,-13.108575
1051877,逢見リカ,29.24324,4.3875737
1034249,神納花,-38.83347,11.953706
1044545,富田優衣,31.099115,9.521082
1035931,玉木くるみ,24.936378,3.409344
1058363,如月夏希,10.612489,21.87156
1053034,大谷翔子,-47.491325,13.904761
1019602,桜井あゆ,29.30076,-23.904465
1063214,七ツ森りり,-7.26833,-6.6590424
1064658,成田つむぎ,15.306778,-24.507412
1040687,工藤まなみ,-45.116356,6.3648634
1025503,篠田あゆみ,-40.093906,0.77994573
1013499,春原未来,-15.767397,-30.060623
1061480,綾野鈴珠,-2.160598,-31.579535
1061347,宇流木さら,38.83099,13.404158
1050055,桜羽のどか,12.451921,-7.1295047
1019029,卯水咲流,-5.104873,-34.16313
1038702,星咲セイラ,11.135049,10.385523
1046899,遠田恵未,-45.438343,-10.842915
1052353,星越かなめ,-23.718113,26.38543
1068193,辻さくら,-4.2300067,23.021523
1067504,大原理央,16.327692,4.869138
1009304,瀬名ひかり,42.03983,-13.873505
1063307,天然かのん,10.618244,-32.292152
28108,水沢真樹,-34.735497,9.307063
1057921,愛乃零（浅見せな）,-21.995934,-7.2520328
1058112,瀬崎彩音,-45.773396,14.827588
1059333,朝比奈ななせ,-14.386608,-10.385309
1037293,桐谷まつり,33.44364,8.215458
1069384,工藤ララ,15.543575,-32.533375
1043024,夢乃美咲,20.691366,24.55034
1473,松本まりな,-48.559937,-12.759654
1052739,望月あやか,-11.607734,-25.708431
2752,風間ゆみ,-40.440266,-18.197262
1021367,希島あいり,-17.079544,-32.64923
1006228,早乙女らぶ,6.125774,26.037481
1053618,渚ひまわり,27.570255,27.908728
1059560,岡江凛,-35.95038,-10.721107
1033410,斉藤みゆ,34.52562,6.5258746
1053120,永瀬愛菜,-54.40245,-2.8742974
1063844,志恩まこ,25.324173,9.39112
1036212,悠月アイシャ,-21.208055,27.41371
1036804,藍川美夏,12.69689,2.6542242
1041106,愛花みちる,26.506008,11.306083
1055905,愛瀬るか,-13.725154,7.221656
1046723,皆月ひかる,21.81342,9.515902
1043259,椎葉みくる,-19.362347,-8.331829
1063059,若宮はずき,-17.502335,25.239784
1023847,初川みなみ,-16.856564,18.857952
1055600,甘乃つばき,-8.229235,21.243376
1036352,新村あかり,-11.6855755,-11.135178
1043753,倉木しおり,-4.3356066,29.027985
1022394,佐々木恋海（向井恋）,-18.711851,-26.819399
1061655,如月ましろ,27.060959,26.250238
1029720,天海しおり,-48.776752,-0.7035556
1036875,由來ちとせ,-40.510246,15.144979
1039574,小野さち子,-50.73677,-4.5718246
1059798,栗山絵麻,41.70378,-9.349938
1043775,市橋えりな,9.487433,5.545614
1034339,妃月るい,-10.814372,-4.937659
1022901,紗藤まゆ,6.8051553,22.404001
1056324,辻芽愛里,-41.03442,-16.934956
1064344,空見依央梨,26.618473,-30.124239
1014614,小早川怜子,-37.44753,11.195145
1022129,塚田詩織,46.017387,-1.8256714
1064003,春明潤,-17.230751,-29.05078
1017267,本田岬,-17.872026,-25.79277
1041891,水戸かな,15.359041,15.250478
1042475,水澄ひかり,4.2527366,-8.378059
1036643,清城ゆき,-32.466,-17.309755
1065057,藤井いよな,-2.6658454,-3.7055469
1065709,最上一花（佐藤花）,15.274551,32.388084
1054437,宇佐木あいか,26.628624,-3.800396
1039293,関根奈美,0.58662057,7.4569755
1053519,中野七緒,-40.322433,-6.5918927
1051456,山口椿,-44.205112,-15.73744
1054877,岩沢香代,-20.52886,-20.421783
1059802,羽生アリサ（羽生ありさ）,-6.616627,-21.008953
12839,村上涼子（中村りかこ、黒木菜穂）,-36.24445,6.590775
1063999,井上そら,15.939478,-20.060562
1064656,木ノ葉みう,-12.597897,-4.3829575
1066655,茉宮なぎ,5.3724136,21.031126
1034355,高橋しょう子,12.9439745,34.509212
1041476,黒川さりな,40.735344,3.115884
1057476,広瀬なるみ,15.146087,20.841532
1022567,原田京子,-48.92176,-8.478358
1065058,天上みさ,24.756771,-3.1346202
1026296,佐倉絆,8.83097,-10.09772
1060824,鷲尾めい,21.56518,-9.367367
28071,滝川恵理（有沢実紗）,-25.334341,5.923338
1043077,仲間明日香,-15.981073,-12.947081
1021911,青井いちご,36.403732,-4.438001
1052094,永瀬ゆい,10.656328,31.585497
1066534,沙和れもん,12.05765,-35.193623
1059812,さとう白音,-40.75831,6.0055294
1055816,もなみ鈴,27.957611,17.214552
1036364,桜咲姫莉,-12.294634,-36.07374
1043832,宝田もなみ,-23.739721,-11.457598
1057694,林愛菜,-11.208107,-27.110233
1021394,乙葉ななせ,-5.320422,22.29606
1051967,桜樹玲奈,7.577926,-2.935526
1025901,広瀬奈々美（堀口奈津美）,-35.73334,13.615913
1036057,咲坂花恋,14.280981,-21.402725
1041704,久保今日子,-48.249947,-13.85568
1039047,枢木あおい,19.990849,-18.334003
1019466,近藤郁（近藤郁美）,-49.262066,-1.6252425
1033841,麻里梨夏,11.679977,-6.041613
12558,鮎川るい,-50.124752,-6.286202
1066539,香乃萌音,-6.4640813,-14.197387
1058101,優木しの,8.378003,24.844282
1059499,真田紗也子,-48.134636,-6.091235
1058110,吉良薫,43.3939,-9.8117695
1053102,高宮菜々子,-50.581596,-0.9130363
24595,澤村レイコ（高坂保奈美、高坂ますみ）,-46.550587,-3.1815376
1058559,広瀬りおな,-2.7345047,-12.003697
1036610,梨杏なつ,37.689625,4.968184
1059753,二階堂夢,43.537125,-8.341621
1048360,西野美幸,-38.782055,-21.595392
1021374,伊東紅,-12.927596,-26.239422
1042476,優木いおり,24.135796,1.5042121
1061346,加賀美さら,3.5278926,-0.035874348
1040000,橋下まこ,3.6384704,29.91525
1017715,きみと歩実,0.5973378,9.134004
1058252,柳井める,30.246365,0.52248454
1050646,佐藤エル,-13.481165,1.446354
1038159,内原美智子,-48.897987,-4.926926
1064216,峰田ななみ,-15.17499,8.869536
1053031,深田みお,16.449902,31.561457
1049136,優木なお,-5.5620465,-9.806356
1064392,栗山莉緒,41.75405,-2.3263252
1037715,鷹宮ゆい,-26.377861,8.150376
1007306,竹内麻耶,-10.184695,-10.806095
1054923,佐伯由美香,10.384797,17.944874
1042126,杏璃さや,17.281761,-21.094074
1061345,矢乃かのん,-1.1577171,-14.116826
27230,Hitomi（田中瞳）,-9.408204,29.874485
1054196,涼城りおな,41.428894,15.398108
1016835,あやみ旬果,-13.670749,-0.1600926
1052865,古賀まつな,0.42049968,-23.605621
1049135,野々原なずな,32.7797,-11.925829
1039020,ひなた澪,16.85551,33.585094
1068670,花狩まい,21.928822,-0.16552235
1027558,美咲かんな,32.052876,1.3459138
1061281,七美せな,11.08029,-20.412529
1019329,鈴木心春,42.685524,9.667983
1060745,桃尻かなめ,-2.8581748,11.066104
1049032,岬あずさ,-3.700118,-27.363298
1063674,百瀬あすか,-3.3045008,-22.367197
1057465,七星ここ,15.924583,-28.945753
1029403,桐嶋りの,23.98353,-21.253126
1050836,真田さな（真田美樹、真田みづ稀）,-27.14281,-16.765234
1051803,葉月レイラ,-19.820051,-5.885733
24095,艶堂しほり（遠藤しおり）,-22.271646,26.182287
1028657,美竹すず,23.433664,22.49471
1050542,乃木蛍,2.6944444,-8.063899
14754,長瀬麻美,4.7108974,28.253204
1038842,七海ゆあ,1.6798618,-25.692272
1055577,葉山夏菜,41.82926,13.134295
1054167,河奈亜依,20.269676,8.697011
1033238,笹倉杏,25.722195,-22.51958
1041840,金杉里織,-50.97982,-7.1994495
1061248,渡辺まお,4.1498384,11.671199
1051009,須崎まどか,38.030186,14.790951
1035549,八神さおり,-20.635754,4.729523
1035021,戸田真琴,33.248966,4.5661907
1039490,一色さゆり,31.642637,-5.8148985
1025941,伊東真緒,-16.067371,22.752075
1059227,木下凛々子,-6.925437,-3.8442576
1044857,本庄鈴,-31.434845,-3.0226939
1041110,星奈あい,11.048325,27.710875
1035657,泉ののか,21.028221,20.45806
26375,みづなれい（みずなれい）,48.501617,8.243411
460,加山なつこ,-49.435562,9.168198
1035602,篠崎みお,47.9424,2.7863185
1001592,天海つばさ,-17.357662,9.607738
1011694,南梨央奈,19.863977,30.509138
1063673,佐田茉莉子,-42.02406,3.5201657
1057470,永野楓果,0.08839761,-11.322737
1035047,かなで自由,3.5715253,24.257128
1062253,桜ゆり,3.3960457,9.849896
1031741,二宮和香,-39.303097,-11.668663
1054715,神咲まい,-31.734924,5.87592
1025133,安野由美,-1.1843289,32.07905
1064657,湊ひめか,-1.1539236,1.7767991
1051297,ベアトリクス,-23.489275,25.35025
1062721,樋口みつは,22.49203,6.7058067
1015386,尾上若葉,6.3261747,-25.849825
1026902,武藤あやか,44.18011,-15.819935
1053259,三咲美憂,-17.448643,20.284502
1056059,藍色なぎ,21.225092,-11.489599
1018233,本田莉子,-14.8133335,15.005623
1065687,竹田まい,27.736378,16.048529
1060822,葉月りの,15.891524,21.965317
1056456,谷あづさ,42.873783,7.0191016
1060821,川村晴,-15.88721,-31.997187
2517,瞳リョウ,1.4821364,-22.800419
1059344,伊藤かえで,4.8620787,-32.45337
1033121,涼宮琴音,43.164253,14.999268
1064006,天ノうた,37.52914,10.501327
1031800,桃瀬ゆり,-42.65861,16.852114
1060823,乙白さやか,22.577723,20.561943
1044544,一条みお,9.689221,-7.6665688
1053039,佐知子,38.704445,8.354476
1064132,白桃はな,0.3901708,-8.0397
1064143,沙月恵奈,12.943873,-24.970846
1018785,吉川あいみ,45.388924,-14.592977
1065378,月島さくら,-4.1104083,-31.820848
1048856,雪美千夏,-7.25597,32.08932
1048042,夢咲ひなみ,11.849803,-0.59101295
1015472,ティア,-20.73482,-26.18006
1049281,明望萌衣,28.612213,25.847452
1039866,逢沢まりあ,7.595525,-19.569948
1006261,琥珀うた,-8.111658,31.170593
1034092,森下美緒,-42.598877,-9.955337
1061509,天音まひな,15.328339,-17.69475
1054189,琴音芽衣,-4.484984,-22.033583
1024996,水原さな,-16.494484,-28.200985
1060272,羽田希,-4.3366413,32.595238
1029035,高嶋ゆいか,-12.373328,22.402586
1024513,橘メアリー,-29.841177,15.29262
1006229,葵つかさ,-16.004826,-15.039612
1036215,緒方泰子,-41.595383,-2.2293909
1048450,月下あいり,1.0641463,-1.3937827
1061058,土屋かなで,21.15651,26.66786
1025436,西田カリナ,4.7091346,-29.003025
1049695,綾瀬麻衣子（沢口まりあ）,-52.97648,-5.8215227
1044099,美園和花,18.165071,13.812562
1055598,舞原聖,-40.101032,-5.4696293
1056460,辻井ほのか,-18.698757,-19.083199
1061789,山岸ゆり,-14.60857,-18.428198
27093,円城ひとみ,-51.66575,-1.3597398
1016110,倉多まお,19.69241,5.033729
1063904,里仲ゆい,19.95873,7.114629
1026768,葵紫穂,-24.310034,4.567596
15365,麻美ゆま,-20.260263,7.9799376
1051455,高槻れい,-26.114302,3.5199423
1032761,桃園怜奈,27.403534,-9.872123
1031775,RION,-18.818417,8.399444
1055230,藍芽みずき,39.187096,4.840173
1054915,新名あみん,20.980652,-26.749403
1060018,日向理名,16.282257,-1.3801458
1046997,植木翔子,-28.868555,12.324527
1067177,柊紗栄子,-33.96019,-22.80202
1027935,松坂美紀,-43.505535,-16.799175
1009531,神咲詩織,5.4503736,-11.3254175
1031482,跡美しゅり,-8.181864,-12.94135
1054823,黒崎さく,36.973953,-1.8038121
1065524,七嶋十愛,13.914584,6.625591
1050319,三浦歩美,-33.445744,-6.9275517
1051299,西野たえ,-1.1277419,-23.830244
1051683,筧ジュン,23.26663,-9.37255
1061502,平手まな,22.909256,-26.913982
1059080,東條なつ,12.091111,-23.84791
17700,加藤ツバキ（夏樹カオル）,-11.939711,11.4564085
1061763,神坂朋子,3.5436037,-20.557278
1025784,夏希みなみ,-33.209167,16.231684
1054439,妃ひかり,-41.55242,13.1264925
1046567,日向うみ,-6.4747357,23.686499
1012352,鶴田かな,-27.41519,16.086271
24261,森ななこ,-21.929873,6.763864
1051946,野々宮蘭,50.63209,3.4312708
1030692,成宮いろは,-46.441757,-14.387927
1053543,ひなたまりん,11.516524,34.28448
1031823,皆野あい,20.286007,27.828796
1052636,松ゆきの,-35.112495,-22.177645
1041717,宝生リリー,0.76522446,-35.42743
1055894,目黒めぐみ,51.090782,-4.486054
1058573,児玉れな,9.268846,18.467936
1044060,桑田みのり,29.71019,-25.173838
1063216,新川ゆず,50.591732,5.84561
1028933,中村知恵,-7.505193,-5.2501163
1061063,石原希望,40.66472,5.455477
1043984,岩瀬りな,33.938755,-9.032684
1010922,加納綾子,-49.88191,-3.73099
1042219,架乃ゆら,29.74615,-10.3800955
1063016,藤田こずえ,-0.7444553,-7.30583
1066374,成美このは,-1.2697638,-9.795581
1046237,葵百合香,6.503966,31.03302
1060067,椎名のあ,7.5984793,-11.3970585
1065808,舞奈みく,10.830908,-16.96465
1041176,星島るり,-45.359875,12.37665
1057464,高城ひかる,7.147838,-9.547021
1057831,白坂有以,32.514214,5.928315
1057477,八木奈々,-6.26825,-26.069847
1052930,吉根ゆりあ,-32.877876,-22.185371
1038712,加藤ももか,-14.136278,-13.750706
1062051,前乃菜々,27.893671,11.649557
1020285,有本紗世,34.998844,-2.5351083
1059605,初島うい,-45.397392,-3.683799
1063277,瀬戸奈々子,-7.8641424,10.723145
1007544,有村千佳,-11.084783,8.837271
1053492,椎木くるみ,25.615002,-27.300539
1034488,鈴屋いちご,2.51807,13.226882
1037663,明里つむぎ,-13.7234,-17.31519
1054168,弥生みづき,12.194227,-1.7916992
1017210,一条綺美香,-48.81209,1.0317688
1038572,愛里るい,-3.1564548,-35.100414
1014463,美泉咲,-6.5731783,15.098412
1013949,初美沙希,7.555003,26.551716
1056033,有村えりか,-17.101183,5.481857
1058928,二階堂ゆか,50.11201,7.453525
1045823,皆瀬杏樹,-17.516588,-8.21389
1050318,今井夏帆,-39.31338,13.468601
1062041,さつき芽衣,39.460815,11.161499
27748,小西みか,-47.85927,8.322514
1052986,月宮ねね,-36.569836,-22.696468
592,よしい美希（伊沢涼子、吉井美希）,-47.636383,-7.521327
1060675,詩音乃らん,28.97775,-3.7439713
1058513,千種ちな,-6.9351063,-17.822578
1028195,谷原希美,-21.070267,-22.715666
1032843,涼海みさ,3.0556743,26.71034
1061348,椿りか,22.09539,-25.653807
1056220,天川そら,11.026225,24.885899
1063308,蓮見天,-17.263723,-31.119617
1021364,宮本紗央里,-36.01134,-18.43219
1032088,小野寺梨紗,12.6425,14.5933275
1004617,伊織涼子,-51.68085,-3.9675498
1068487,リリー・ハート,-3.8078814,16.433853
1015712,あべみかこ,-8.823631,-26.062916
1011094,由愛可奈,-20.455679,-18.334175
1051002,加瀬ななほ,47.59124,1.6799891
1040910,宮村ななこ,50.749798,-0.27575254
1033976,羽咲みはる,43.884796,4.6388407
1028447,白井ゆずか,42.70898,11.298123
1065809,REMI,-42.67708,5.529587
1036351,天野美優,38.630527,-11.816107
1035406,成澤ひなみ,2.9410386,7.426449
1052881,花宮レイ,26.657562,-25.070269
1059343,河合ゆい,29.604605,27.58678
1042721,香坂紗梨,36.670822,4.0190663
1001189,松すみれ,-39.52023,6.302648
1054993,佐藤りこ,4.632059,-3.9795892
1057657,五十嵐かな,-37.245483,2.1950974
1048558,あゆみ莉花,48.991596,10.89767
1031241,若菜奈央,12.448875,-34.030476
1038799,霧島さくら,45.17964,14.6808
1048221,河北麻衣,-20.756702,-9.2546215
1002357,麻倉憂,-0.0063883383,31.566835
1066774,吉野里奈,-1.2516986,27.963047
1058590,相馬茜,-32.04695,-24.413586
1028658,西条沙羅,-14.031861,-35.927338
1064775,田中美矢,23.747952,28.410887
1042825,坂咲みほ,-12.413155,-6.111174
